id,handlungsspielraum,unterstuetzung,ueberstunden,zufriedenheit,homeoffice,abteilung,zustimmungstendenz
1,5.4,5.5,2,5.67,0,Kundendienst,3.0
2,5.0,4.25,5,4.33,1,Produktion,4.5
3,4.6,4.0,7,4.5,0,Kundendienst,4.75
4,3.0,3.0,6,5.0,1,Kundendienst,2.0
5,4.0,5.75,3,3.33,0,Produktion,4.75
6,6.2,5.25,2,5.33,0,Produktion,5.5
7,5.2,5.0,6,4.33,1,Kundendienst,5.0
8,3.8,4.75,7,4.67,1,Produktion,3.5
9,3.4,4.25,0,3.83,0,Verwaltung,3.5
10,4.6,4.0,5,5.33,0,Vertrieb,4.0
11,4.2,6.25,0,5.0,1,Produktion,4.5
12,2.6,4.25,6,3.0,0,Vertrieb,3.0
13,7.0,6.25,0,5.5,1,Produktion,6.0
14,1.4,4.0,3,3.33,0,Vertrieb,2.75
15,5.4,5.5,6,4.5,0,Verwaltung,5.5
16,6.6,7.0,8,4.83,0,Verwaltung,4.25
17,4.8,4.75,10,6.33,1,Verwaltung,4.25
18,5.6,4.75,4,4.5,1,Kundendienst,5.0
19,3.4,3.75,7,3.5,1,Produktion,4.0
20,3.0,3.5,5,3.17,1,Kundendienst,3.75
21,3.8,3.75,8,5.0,0,Produktion,3.0
22,3.2,5.25,7,4.33,0,Kundendienst,4.25
23,6.8,7.0,3,5.83,1,Vertrieb,5.25
24,2.6,3.75,7,3.0,0,Produktion,3.5
25,4.0,5.5,3,6.0,1,Kundendienst,3.25
26,6.6,3.75,4,4.83,0,Produktion,5.75
27,3.6,5.25,8,2.83,0,Produktion,4.25
28,3.8,4.5,6,4.67,1,Verwaltung,4.0
29,4.4,6.0,6,3.67,0,Vertrieb,5.25
30,6.4,4.75,0,6.83,1,Produktion,5.75
31,5.8,4.75,3,6.5,1,Vertrieb,4.75
32,3.4,5.5,9,4.5,1,Kundendienst,3.75
33,4.6,4.75,0,4.67,0,Produktion,4.75
34,5.6,5.25,4,5.0,0,Produktion,4.5
35,5.4,5.75,4,5.33,0,Vertrieb,4.5
36,5.0,4.0,11,4.83,0,Kundendienst,4.75
37,6.0,7.0,5,5.5,1,Produktion,5.5
38,4.2,5.0,7,5.17,0,Verwaltung,4.0
39,4.4,5.0,4,5.5,0,Kundendienst,4.5
40,5.4,5.25,2,4.17,0,Produktion,4.75
41,3.2,4.5,10,4.5,1,Produktion,3.0
42,2.4,2.75,8,2.67,0,Produktion,4.25
43,5.2,6.25,3,6.33,0,Verwaltung,3.75
44,4.0,5.25,8,5.83,1,Kundendienst,3.75
45,5.6,3.25,6,5.17,1,Verwaltung,5.0
46,5.4,3.0,7,5.67,1,Produktion,4.75
47,4.6,6.25,0,4.5,1,Verwaltung,4.25
48,3.8,5.5,5,5.67,1,Verwaltung,4.5
49,6.6,5.75,0,5.67,1,Verwaltung,6.0
50,4.8,4.5,0,5.5,0,Vertrieb,4.5
51,6.4,7.0,3,5.5,0,Vertrieb,5.25
52,5.0,5.25,2,5.83,1,Vertrieb,4.25
53,4.2,3.0,1,4.5,1,Produktion,4.0
54,4.2,5.5,4,6.67,1,Verwaltung,2.5
55,2.2,4.0,13,3.33,1,Verwaltung,2.75
56,4.8,4.5,0,4.67,0,Vertrieb,4.75
57,4.2,4.5,1,4.67,0,Kundendienst,3.25
58,6.0,5.0,7,5.0,0,Vertrieb,5.25
59,4.8,4.0,3,5.0,1,Vertrieb,4.25
60,5.4,4.5,5,5.67,0,Vertrieb,5.5
61,5.2,3.5,6,5.5,1,Kundendienst,4.25
62,4.4,5.25,11,5.5,0,Verwaltung,4.0
63,2.6,4.5,9,2.5,1,Produktion,3.0
64,6.4,6.5,6,6.5,1,Vertrieb,5.75
65,4.8,4.5,2,5.17,1,Produktion,5.25
66,4.2,3.5,8,4.17,0,Verwaltung,4.25
67,3.4,4.25,5,4.17,0,Verwaltung,3.75
68,3.4,4.5,12,3.5,0,Produktion,3.5
69,5.0,5.75,7,5.67,1,Vertrieb,3.75
70,3.8,4.0,8,3.83,0,Kundendienst,3.5
71,5.8,5.5,2,5.67,1,Produktion,4.75
72,3.8,5.25,12,3.83,1,Produktion,3.5
73,4.2,6.0,15,3.33,1,Produktion,5.0
74,2.6,3.5,5,5.17,1,Vertrieb,2.5
75,5.0,4.5,4,2.83,0,Kundendienst,5.5
76,5.2,5.25,3,5.5,1,Kundendienst,4.0
77,5.6,5.0,1,5.83,0,Vertrieb,4.0
78,4.4,4.25,5,5.33,0,Kundendienst,4.25
79,4.4,4.75,6,4.83,0,Verwaltung,4.5
80,3.8,4.5,1,3.5,0,Produktion,5.0
81,4.0,5.25,0,4.83,1,Verwaltung,4.0
82,5.2,4.75,1,5.67,1,Verwaltung,4.5
83,5.8,6.0,0,4.5,0,Produktion,5.0
84,3.8,4.5,6,2.67,0,Kundendienst,5.25
85,5.8,5.0,2,3.67,0,Kundendienst,5.75
86,5.2,4.75,7,5.83,1,Verwaltung,4.0
87,5.0,4.75,8,3.67,1,Produktion,5.25
88,4.8,4.0,6,5.0,0,Produktion,4.75
89,3.2,4.75,5,5.17,1,Verwaltung,2.5
90,3.0,5.75,3,5.83,1,Verwaltung,2.5
91,3.4,2.25,9,3.5,0,Produktion,3.75
92,6.4,6.25,5,6.17,0,Verwaltung,5.5
93,4.6,4.75,4,5.83,1,Kundendienst,4.0
94,4.8,3.75,7,5.0,0,Produktion,4.5
95,5.2,3.75,3,4.67,1,Produktion,4.5
96,4.2,5.0,0,6.0,1,Verwaltung,5.0
97,5.4,5.0,5,3.83,0,Vertrieb,5.25
98,5.6,6.0,11,4.67,0,Vertrieb,4.75
99,4.8,4.5,0,5.33,1,Vertrieb,4.0
100,4.8,5.25,7,5.83,1,Produktion,3.75
101,5.6,3.5,11,4.5,0,Kundendienst,4.25
102,6.6,4.5,5,5.0,0,Produktion,5.5
103,6.0,5.5,1,4.67,0,Verwaltung,5.25
104,3.8,4.75,6,3.0,0,Verwaltung,3.5
105,5.0,4.5,4,6.17,1,Verwaltung,4.75
106,5.8,4.5,7,5.17,1,Produktion,5.0
107,4.6,4.25,8,4.17,1,Produktion,5.5
108,2.4,3.75,6,5.83,1,Verwaltung,3.75
109,6.0,5.25,0,5.67,0,Produktion,6.25
110,4.2,4.5,4,5.5,0,Produktion,3.5
111,5.0,4.75,2,5.67,0,Verwaltung,4.0
112,5.2,3.5,10,5.17,1,Vertrieb,4.5
113,5.2,4.75,3,4.83,0,Produktion,5.25
114,4.8,4.5,8,6.0,1,Produktion,2.75
115,5.2,3.75,3,5.33,1,Kundendienst,4.5
116,4.6,6.0,7,3.67,0,Produktion,6.25
117,6.0,5.5,8,6.33,1,Produktion,4.5
118,4.0,5.0,14,3.83,0,Produktion,4.75
119,3.4,3.25,6,4.17,0,Produktion,4.5
120,3.2,4.75,5,4.83,0,Kundendienst,3.75
121,6.6,5.5,5,5.17,0,Produktion,6.5
122,4.6,4.75,9,5.33,1,Vertrieb,3.75
123,4.4,4.5,5,3.33,1,Kundendienst,5.25
124,4.8,5.75,6,4.5,1,Produktion,5.0
125,3.4,4.25,8,3.67,0,Produktion,3.75
126,2.4,4.25,0,3.17,0,Kundendienst,3.5
127,5.6,6.25,11,5.83,0,Verwaltung,4.75
128,6.8,5.0,5,5.67,0,Produktion,5.25
129,5.2,4.5,6,5.33,0,Vertrieb,4.0
130,3.8,4.0,8,5.67,0,Produktion,4.5
131,4.2,5.25,4,6.83,1,Vertrieb,3.75
132,6.4,5.5,1,5.83,0,Produktion,5.5
133,3.8,4.0,9,4.33,1,Kundendienst,3.25
134,4.8,6.0,6,4.5,0,Kundendienst,4.0
135,5.4,5.25,2,4.83,0,Kundendienst,4.5
136,4.8,6.25,1,5.33,0,Kundendienst,4.0
137,3.2,3.5,0,3.83,0,Kundendienst,4.0
138,2.6,5.0,2,5.17,0,Kundendienst,1.75
139,5.0,5.75,6,6.0,0,Verwaltung,3.5
140,2.8,4.25,6,3.83,1,Produktion,3.0
141,4.0,6.0,3,2.17,1,Produktion,4.25
142,4.4,5.25,0,5.5,1,Produktion,5.25
143,4.6,4.75,4,4.67,0,Kundendienst,5.0
144,1.8,4.25,7,3.67,0,Produktion,2.0
145,3.8,5.0,6,3.0,0,Produktion,4.0
146,4.6,5.0,10,3.17,0,Produktion,4.0
147,5.2,5.25,1,5.83,1,Produktion,4.0
148,2.4,5.0,7,4.0,0,Produktion,3.0
149,3.4,5.0,5,4.5,0,Produktion,3.5
150,4.4,3.0,5,5.67,1,Kundendienst,4.75
151,5.2,4.75,4,4.5,1,Produktion,5.5
152,4.4,5.0,12,3.0,0,Produktion,5.0
153,5.4,6.5,2,5.33,1,Verwaltung,4.5
154,6.2,6.75,1,4.0,0,Vertrieb,4.75
155,3.4,5.0,3,4.33,0,Produktion,4.0
156,6.2,4.5,5,6.33,1,Verwaltung,3.75
157,3.6,5.75,5,4.5,1,Produktion,3.25
158,5.8,5.25,6,4.67,0,Kundendienst,5.0
159,4.4,5.75,7,7.0,1,Verwaltung,3.5
160,4.6,4.0,6,3.83,1,Verwaltung,4.0
161,3.4,4.75,3,4.67,0,Produktion,3.75
162,6.0,4.5,9,4.83,1,Vertrieb,6.0
163,5.4,3.25,9,4.17,1,Produktion,5.5
164,4.8,5.5,1,4.33,1,Produktion,3.5
165,5.2,5.25,11,5.67,1,Verwaltung,5.0
166,5.2,5.25,13,3.67,0,Vertrieb,4.0
167,2.8,3.0,7,4.5,1,Kundendienst,3.25
168,5.4,6.75,2,7.0,1,Kundendienst,3.25
169,4.8,6.5,7,4.83,0,Produktion,4.5
170,5.0,7.0,2,5.0,1,Produktion,4.25
171,4.0,5.0,6,4.83,1,Verwaltung,4.25
172,4.2,5.0,6,4.5,0,Verwaltung,3.75
173,5.4,6.25,0,5.83,0,Produktion,5.5
174,5.4,5.25,2,5.83,1,Verwaltung,4.25
175,5.4,5.0,12,5.5,0,Kundendienst,3.75
176,4.0,4.25,4,5.67,1,Kundendienst,3.0
177,5.2,3.75,4,6.17,1,Produktion,4.0
178,4.6,4.0,11,4.0,0,Produktion,5.25
179,3.6,3.75,10,2.17,0,Verwaltung,4.5
180,4.4,6.0,6,5.67,1,Produktion,4.5
181,5.2,5.25,2,5.33,0,Verwaltung,4.25
182,5.4,5.5,9,3.33,0,Kundendienst,5.25
183,4.6,4.0,9,4.5,0,Verwaltung,4.25
184,5.8,3.75,4,5.67,1,Kundendienst,5.0
185,5.2,4.75,6,5.0,1,Kundendienst,5.25
186,4.6,5.5,7,3.17,0,Produktion,4.75
187,5.8,4.25,10,4.67,1,Produktion,4.75
188,4.4,6.0,1,5.0,0,Kundendienst,4.0
189,2.8,3.0,7,3.83,0,Verwaltung,3.5
190,4.4,5.5,11,6.83,1,Vertrieb,4.5
191,3.0,3.25,9,4.0,0,Vertrieb,3.25
192,4.8,4.75,9,4.5,1,Produktion,4.75
193,3.4,3.5,8,5.0,0,Kundendienst,3.0
194,5.2,4.0,4,4.17,0,Produktion,5.25
195,4.2,4.25,2,5.0,0,Kundendienst,3.75
196,4.8,4.5,5,2.67,0,Verwaltung,4.75
197,4.6,5.0,7,4.33,0,Kundendienst,4.5
198,5.0,6.0,6,3.83,0,Vertrieb,4.75
199,3.8,4.0,0,4.33,0,Kundendienst,4.5
200,3.8,3.0,9,2.33,0,Produktion,4.75
201,4.0,4.5,4,4.33,1,Kundendienst,4.75
202,4.2,4.25,7,4.0,0,Produktion,4.25
203,6.0,5.25,9,5.0,1,Verwaltung,6.0
204,4.8,5.0,3,3.67,0,Kundendienst,3.75
205,5.0,5.0,5,4.17,0,Produktion,5.5
206,3.8,3.75,2,5.0,0,Vertrieb,3.5
207,5.6,4.0,4,5.5,1,Kundendienst,4.25
208,4.0,3.25,4,4.17,0,Produktion,4.25
209,6.0,5.25,8,5.5,0,Vertrieb,3.75
210,3.4,4.75,1,3.83,1,Kundendienst,4.5
211,1.4,3.25,6,3.83,0,Verwaltung,2.5
212,5.0,5.75,5,7.0,1,Verwaltung,3.5
213,4.8,4.0,4,4.67,0,Vertrieb,4.75
214,5.8,4.75,12,5.67,1,Produktion,5.25
215,3.6,4.25,3,3.67,1,Produktion,4.5
216,5.0,4.0,3,4.67,1,Produktion,4.5
217,5.4,5.0,0,4.5,1,Produktion,5.25
218,4.4,4.25,10,4.5,1,Kundendienst,4.5
219,2.4,4.0,9,3.33,1,Kundendienst,4.25
220,3.4,3.25,11,3.17,1,Vertrieb,4.25
221,3.2,3.5,9,4.0,1,Kundendienst,3.5
222,6.2,4.25,4,4.67,1,Produktion,5.5
223,5.6,4.75,7,5.33,0,Verwaltung,5.25
224,4.6,5.25,2,4.33,0,Kundendienst,4.75
225,4.8,6.25,3,4.83,1,Kundendienst,4.0
226,7.0,5.0,2,4.67,0,Kundendienst,5.5
227,6.0,5.0,7,3.83,1,Kundendienst,5.5
228,3.8,4.5,7,6.0,1,Kundendienst,2.5
229,5.8,4.25,2,4.5,0,Kundendienst,5.25
230,6.8,6.0,0,7.0,0,Kundendienst,4.0
231,5.2,4.75,6,5.33,1,Verwaltung,4.25
232,5.2,5.5,7,4.5,1,Kundendienst,4.75
233,5.6,7.0,0,5.33,0,Produktion,5.75
234,5.4,4.25,8,4.17,0,Kundendienst,4.25
235,5.0,4.25,5,5.33,0,Verwaltung,4.25
236,4.6,5.5,3,4.67,0,Kundendienst,4.0
237,5.2,6.0,2,5.67,1,Verwaltung,4.75
238,2.8,4.0,2,3.0,1,Vertrieb,3.25
239,4.4,5.25,0,4.0,0,Verwaltung,5.25
240,6.4,6.5,0,3.83,0,Produktion,5.0
241,3.4,5.0,9,4.67,0,Produktion,3.0
242,4.2,5.25,0,4.67,1,Kundendienst,4.5
243,4.4,4.25,5,3.33,0,Verwaltung,5.0
244,3.8,5.25,6,4.5,0,Kundendienst,3.0
245,4.2,5.25,5,5.0,1,Kundendienst,3.75
246,5.4,5.0,6,3.33,0,Produktion,5.25
247,5.2,5.25,8,4.33,0,Produktion,4.25
248,3.8,4.5,5,3.83,0,Verwaltung,4.5
249,4.4,4.0,5,6.5,1,Vertrieb,3.5
250,4.0,5.0,9,3.5,0,Produktion,5.25
251,4.2,5.0,2,4.83,0,Produktion,2.75
252,4.4,2.75,7,3.17,0,Kundendienst,4.0
253,3.6,4.75,10,4.17,1,Produktion,3.75
254,5.8,4.75,1,3.33,0,Kundendienst,5.25
255,7.0,5.75,8,4.83,1,Produktion,6.75
256,6.2,4.5,3,4.67,1,Produktion,6.0
257,4.0,3.0,3,5.17,0,Kundendienst,4.25
258,6.2,4.75,4,6.0,0,Verwaltung,4.75
259,4.6,5.25,2,5.0,0,Kundendienst,4.25
260,2.0,3.75,6,4.5,0,Verwaltung,2.75
261,5.4,5.0,7,4.33,1,Produktion,4.5
262,5.6,4.25,1,4.67,0,Vertrieb,5.0
263,6.0,3.5,4,6.33,1,Verwaltung,5.75
264,5.2,4.25,8,5.33,1,Vertrieb,5.25
265,5.8,6.5,6,3.67,0,Kundendienst,5.5
266,6.0,6.0,2,6.83,1,Verwaltung,4.5
267,5.4,4.5,16,3.67,0,Produktion,5.0
268,4.0,2.75,9,2.67,0,Produktion,5.25
269,3.2,4.75,9,4.5,0,Verwaltung,3.25
270,3.6,5.0,5,3.0,1,Kundendienst,3.5
271,6.0,6.25,7,5.83,0,Kundendienst,5.0
272,4.2,5.5,5,4.33,0,Kundendienst,4.0
273,4.6,6.25,5,4.0,1,Kundendienst,5.5
274,5.6,4.25,0,5.17,1,Vertrieb,5.5
275,5.0,4.75,0,3.83,1,Produktion,5.0
276,4.8,5.75,12,2.83,0,Produktion,5.25
277,4.0,4.75,5,3.0,0,Vertrieb,3.5
278,3.8,5.75,9,4.33,0,Produktion,3.75
279,3.2,4.0,7,3.17,1,Kundendienst,4.25
280,5.4,5.0,4,5.33,1,Produktion,5.0
281,4.8,4.25,3,5.33,0,Produktion,4.5
282,5.8,6.75,0,6.33,0,Kundendienst,4.25
283,3.2,3.0,10,2.33,0,Kundendienst,3.25
284,7.0,5.75,2,6.33,1,Verwaltung,5.75
285,4.8,4.5,3,4.67,0,Kundendienst,5.0
286,3.0,4.25,1,6.33,1,Kundendienst,3.5
287,4.8,4.25,0,5.17,0,Produktion,6.25
288,4.0,3.5,4,3.83,1,Vertrieb,4.0
289,6.2,5.25,3,4.67,0,Vertrieb,5.5
290,4.0,4.75,8,3.83,1,Produktion,4.25
291,2.2,4.25,0,3.17,0,Kundendienst,3.0
292,3.0,3.0,13,1.67,1,Kundendienst,4.5
293,6.6,5.25,8,5.0,0,Produktion,6.0
294,5.4,5.75,11,3.17,0,Produktion,5.25
295,4.4,4.75,7,4.83,0,Kundendienst,4.25
296,5.6,5.25,0,4.33,0,Produktion,4.25
297,3.2,4.5,4,4.0,1,Kundendienst,3.75
298,5.0,4.5,10,5.17,1,Verwaltung,4.25
299,2.4,3.5,7,3.17,1,Kundendienst,2.5
300,4.6,3.5,5,4.17,1,Produktion,4.0
301,4.0,3.25,7,4.33,0,Vertrieb,4.25
302,4.2,4.25,9,6.83,1,Verwaltung,2.75
303,5.8,4.25,4,6.0,0,Produktion,5.0
304,5.0,4.25,11,4.5,0,Vertrieb,3.75
305,3.4,5.25,8,3.33,0,Kundendienst,3.25
306,6.6,5.25,1,4.67,0,Produktion,5.75
307,5.6,3.75,2,4.17,1,Kundendienst,6.0
308,5.8,5.0,1,4.5,1,Vertrieb,5.25
309,4.2,3.75,7,3.83,1,Kundendienst,4.5
310,4.0,4.25,8,3.33,0,Produktion,5.25
311,4.0,3.5,3,3.67,0,Vertrieb,4.0
312,3.8,5.75,10,3.83,1,Kundendienst,3.75
313,3.8,6.0,9,3.0,0,Kundendienst,4.75
314,5.0,4.25,10,5.0,1,Kundendienst,4.0
315,5.4,4.5,4,5.0,0,Kundendienst,4.0
316,4.2,4.0,5,4.33,0,Kundendienst,4.0
317,3.6,4.25,13,3.0,0,Produktion,3.5
318,4.8,2.75,7,5.83,1,Verwaltung,3.0
319,3.2,3.25,7,4.33,1,Produktion,3.75
320,3.4,5.75,8,4.67,1,Produktion,2.5
321,4.0,4.75,9,5.33,1,Produktion,4.5
322,5.0,4.5,6,5.33,0,Verwaltung,4.25
323,5.4,5.0,7,4.83,0,Kundendienst,5.25
324,4.2,4.5,5,4.33,0,Produktion,4.5
325,4.6,4.5,6,4.33,0,Verwaltung,4.5
326,4.2,4.25,1,5.17,1,Produktion,4.0
327,3.2,3.75,3,3.67,1,Kundendienst,4.25
328,4.4,4.0,0,4.5,1,Kundendienst,3.75
329,4.8,6.25,1,5.0,0,Kundendienst,5.0
330,4.8,6.0,5,4.83,1,Kundendienst,4.75
331,6.2,4.75,3,4.67,0,Kundendienst,6.0
332,3.2,3.5,3,5.17,1,Vertrieb,3.5
333,6.0,3.75,7,3.17,1,Produktion,4.75
334,6.0,6.0,8,5.5,1,Kundendienst,5.0
335,3.2,4.75,10,2.33,0,Produktion,4.5
336,4.6,3.75,7,4.83,1,Verwaltung,4.75
337,6.4,5.0,0,5.83,0,Verwaltung,5.25
338,3.4,4.5,7,6.0,1,Verwaltung,3.0
339,6.4,4.5,8,3.33,0,Kundendienst,5.25
340,4.0,6.5,11,3.0,1,Produktion,4.0
341,4.6,4.25,5,5.0,1,Verwaltung,4.0
342,4.4,4.0,3,4.17,0,Produktion,4.0
343,4.6,5.0,7,4.33,0,Kundendienst,5.25
344,2.6,4.25,4,3.83,1,Kundendienst,3.75
345,4.4,4.75,6,6.0,0,Verwaltung,3.5
346,2.0,3.75,4,3.83,1,Kundendienst,3.0
347,4.8,6.25,7,4.17,0,Produktion,4.25
348,4.4,5.0,6,5.5,1,Verwaltung,4.25
349,4.4,4.25,8,5.0,0,Verwaltung,3.75
350,5.4,4.0,11,3.17,0,Vertrieb,5.5
351,6.2,6.25,3,3.17,0,Kundendienst,5.0
352,5.6,6.0,3,6.67,1,Verwaltung,4.5
353,4.2,6.25,5,5.0,1,Kundendienst,3.5
354,6.2,4.25,0,7.0,1,Verwaltung,4.0
355,3.0,4.25,6,4.0,0,Kundendienst,3.25
356,2.8,5.25,9,3.17,0,Produktion,3.75
357,4.0,4.5,3,4.33,0,Kundendienst,4.0
358,4.8,6.5,7,2.33,0,Vertrieb,5.25
359,5.6,4.0,3,4.67,0,Produktion,5.0
360,3.8,4.5,6,4.0,0,Produktion,3.25
361,4.4,4.75,8,4.67,1,Vertrieb,3.5
362,5.0,5.5,5,4.83,1,Kundendienst,5.25
363,3.8,3.5,5,4.5,0,Verwaltung,3.75
364,3.2,4.75,2,4.0,0,Produktion,4.0
365,7.0,7.0,0,5.5,1,Produktion,4.25
366,4.0,5.25,1,6.0,1,Verwaltung,2.25
367,4.4,4.25,8,3.83,0,Produktion,4.5
368,3.4,3.0,10,3.67,1,Produktion,4.25
369,2.6,6.5,2,5.67,1,Vertrieb,3.5
370,5.0,6.75,3,3.83,1,Verwaltung,4.75
371,3.2,5.0,4,4.17,0,Produktion,2.75
372,4.8,4.25,7,4.67,1,Kundendienst,5.5
373,2.2,5.0,11,2.33,0,Kundendienst,2.75
374,4.0,4.75,0,5.83,1,Verwaltung,4.0
375,4.2,3.5,5,4.0,0,Kundendienst,3.5
376,7.0,5.75,0,6.33,1,Kundendienst,4.5
377,2.2,4.75,8,5.5,1,Vertrieb,2.25
378,5.8,3.5,2,4.83,0,Produktion,5.0
379,4.8,5.5,5,5.17,1,Produktion,3.75
380,4.0,4.75,0,3.0,0,Produktion,4.0
381,4.8,4.5,1,3.33,0,Vertrieb,4.0
382,3.4,5.0,4,3.83,1,Vertrieb,4.5
383,4.2,4.75,10,5.5,1,Produktion,4.75
384,5.2,3.5,5,3.0,0,Produktion,5.25
385,4.4,5.25,6,4.0,0,Produktion,3.75
386,5.4,5.0,10,5.5,0,Vertrieb,4.25
387,4.6,3.75,13,5.67,1,Verwaltung,4.5
388,4.4,3.0,4,5.33,0,Kundendienst,3.5
389,5.0,3.75,5,4.17,1,Produktion,4.0
390,4.6,4.5,3,3.17,0,Vertrieb,5.5
391,5.2,5.0,4,5.83,1,Verwaltung,4.75
392,3.8,5.0,3,5.0,0,Produktion,5.0
393,4.0,5.25,1,4.33,1,Produktion,3.75
394,5.4,6.0,8,4.5,1,Verwaltung,4.75
395,3.6,3.5,8,3.83,0,Verwaltung,4.25
396,4.2,4.5,12,3.83,1,Kundendienst,3.5
397,5.0,7.0,9,5.17,1,Verwaltung,4.5
398,5.6,5.25,7,4.67,1,Produktion,4.0
399,4.6,4.25,3,5.17,0,Verwaltung,4.0
400,3.8,5.25,5,6.33,1,Verwaltung,3.0
401,4.0,4.75,6,4.67,0,Kundendienst,4.0
402,4.6,5.0,1,6.83,0,Produktion,3.5
403,4.4,3.75,6,6.0,1,Verwaltung,4.5
404,4.0,4.75,8,4.5,1,Produktion,4.25
405,3.4,5.25,15,3.0,0,Produktion,4.0
406,7.0,5.25,0,6.67,1,Vertrieb,5.25
407,2.6,3.75,2,3.17,1,Verwaltung,3.5
408,3.8,5.0,4,3.83,1,Kundendienst,4.0
409,3.4,5.5,4,4.67,1,Produktion,3.75
410,3.0,3.0,5,4.33,1,Verwaltung,3.0
411,6.4,7.0,0,5.83,1,Kundendienst,5.0
412,5.8,5.75,7,3.67,0,Produktion,5.25
413,3.4,3.75,7,4.17,0,Verwaltung,3.75
414,3.6,3.5,9,3.5,0,Produktion,4.25
415,4.6,4.5,1,5.5,0,Vertrieb,3.5
416,3.8,5.0,11,4.17,1,Produktion,3.5
417,3.8,4.75,7,4.67,0,Produktion,4.0
418,2.4,5.5,8,4.33,0,Verwaltung,3.0
419,3.6,5.25,1,2.83,0,Kundendienst,4.0
420,2.4,3.5,2,2.67,0,Vertrieb,3.75
